Kraj;Rok;Udzial_kobiet_na_stanowiskach_kierowniczych_proc;Wskaznik_aktywnosci_zawodowej_kobiet_proc;Wskaznik_zatrudnienia_kobiet_proc;PKB_na_mieszkanca;Zatrudnienie_w_rolnictwie_proc;Zatrudnienie_w_przemysle_proc;Zatrudnienie_w_uslugach_proc;Mediana_wieku_sily_roboczej_u_kobiet;Kobiety_15_24;Kobiety_25_34;Kobiety_35_44;Kobiety_45_54;Kobiety_55_64
Austria;2000;30,08;48,94;46,69;38844,4;6,38;14,16;79,46;37,08;235,78;508,85;504,62;349,19;88,04
Austria;2001;30,05;48,78;46,76;39186,34;6,28;13,8;79,92;37,47;228,91;492,23;520,09;363,19;85,45
Austria;2002;29,25;50,15;47,88;39638,03;6,08;12,96;80,96;37,87;233,86;472,23;538,4;388,01;91,15
Austria;2003;27,38;50,19;48,01;39816,77;5,78;13,07;81,15;38,31;233,71;462,76;553,98;398,99;98,3
Austria;2004;26,3;49,36;46,45;40652,81;4,86;13,29;81,85;38,3;247,86;447,42;552,12;396,38;89,94
Austria;2005;26,82;50,67;47,7;41282,88;5,28;12,9;81,82;38,7;266,8;430,51;564,65;423,8;109
Austria;2006;27,92;51,24;48,37;42498,01;5,28;13,41;81,3;39,18;267,75;423,33;571,38;445,43;120,29
Austria;2007;26,16;52,12;49,35;43939,43;5,62;12,98;81,41;39,5;277,51;419,87;572,84;462,73;130,1
Austria;2008;28,12;52,68;50,35;44441,79;5,23;12,26;82,51;39,81;278,57;427,33;562,84;479,15;143,27
Austria;2009;27,35;53,37;50,66;42656,85;5,2;11,42;83,38;40,1;279,03;435,81;557,9;499,78;148,57
Austria;2010;28,92;53,51;51,03;43336,2;4,99;11,47;83,54;40,55;267,18;435,34;543,38;521,8;163,38
Austria;2011;27,5;53,84;51,37;44452,73;4,66;12,45;82,9;40,64;270,31;439,01;537,94;539,02;166,63
Austria;2012;30,08;54,34;51,74;44551,62;4,24;12,65;83,11;40,7;272,58;454,87;523,93;552,31;176,92
Austria;2013;29,35;54,6;51,71;44301,1;4,18;13;82,81;40,91;271,39;460,21;513,21;570,28;188,9
Austria;2014;30,31;54,56;51,63;44246,89;4,57;12,69;82,74;40,99;270,44;470,02;499;580,56;198,1
Austria;2015;29,68;54,54;51,64;44197,54;4,21;12,14;83,65;41,2;262,53;475,88;493,84;582,02;218,13
Austria;2016;31,79;54,95;51,9;44632,73;3,93;11,98;84,09;41,24;263,45;492,81;490,35;586,32;238,95
Austria;2017;31,8;54,87;52,11;45421,43;3,68;11,41;84,91;41,41;254,54;490,57;491,6;589,17;257,09
Austria;2018;31,59;54,83;52,24;46260,38;3,63;11,19;85,18;41,59;250,48;482,96;494,45;585,41;278,59
Belgia;2000;32,07;43,57;39,96;36580,11;1,19;11,66;87,15;37,55;199,87;601,89;601,18;400,88;84,07
Belgia;2001;32,88;41,72;38,83;36855,37;0,95;11,8;87,25;38;183,34;560,67;579,87;412,05;84,19
Belgia;2002;31,8;42,36;39,05;37316,8;1,09;12,47;86,44;38,37;185,46;556,33;595,05;428,02;95,21
Belgia;2003;29,9;42,68;39,26;37546,61;1,06;11,59;87,35;38,71;177,29;553,04;608,13;443,65;100,63
Belgia;2004;29,88;43,96;40,32;38719,54;1,57;10,85;87,58;38,74;198,81;563,52;607,73;460,79;124,26
Belgia;2005;31,81;45,49;41,16;39401,18;1,48;11,32;87,2;39,17;201,71;566,93;626,79;498,97;137,61
Belgia;2006;31,47;45,62;41,37;40141,21;1,28;10,74;87,99;39,28;200,74;571,81;627,01;504,37;149,94
Belgia;2007;33,84;46,41;42,49;41312,68;1,3;11,01;87,69;39,77;200,2;566,04;631,42;534,94;173,04
Belgia;2008;32,68;46,73;43,18;41170,78;1,03;10,28;88,69;39,85;197,25;578,9;634;547,71;180,21
Belgia;2009;33,99;46,75;42,96;40015,57;0,99;9,71;89,3;40,07;193,3;580,73;625,16;566,97;193,27
Belgia;2010;34,1;47,49;43,44;40787,37;0,89;10,07;89,04;40,27;193,24;585,9;633,55;585,65;208,46
Belgia;2011;29,9;46,81;43,44;40942,37;0,89;9,67;89,44;40,59;194,54;573,88;610,63;588,66;226,39
Belgia;2012;32,44;46,89;43,42;40990,04;0,69;8,63;90,68;40,76;182,75;584,92;605,03;596,08;241,48
Belgia;2013;31,42;47,59;43,71;40984,64;0,84;8,57;90,59;41;184,71;581,9;612,81;605,53;264,56
Belgia;2014;31,65;48,01;44,2;41447,19;0,84;8,32;90,85;41;182,82;594,69;611,04;611,68;276,29
Belgia;2015;32,56;48,02;44,29;42045,38;0,73;8,36;90,91;41,29;175,76;587,05;607,92;613,69;296,37
Belgia;2016;32,66;47,77;44,15;42465,19;0,75;8,17;91,07;41,37;168,23;589,44;604,28;606,22;312,44
Belgia;2017;33,55;47,89;44,51;43132,81;0,7;8,57;90,72;41,72;161,9;584,62;598,82;605,9;337,38
Belgia;2018;33,91;47,89;44,83;43582,13;0,69;8,45;90,86;41,82;175,77;589,37;605;611,2;353,79
Bulgaria;2000;29,82;44,26;37,26;8833,44;10,6;27,26;62,14;40,33;148,97;367,45;505,19;494,82;62,73
Bulgaria;2001;32,65;46,8;37,98;9350,78;7,12;28,84;64,04;40,03;177,85;402,03;462,96;472,73;93,6
Bulgaria;2002;33,54;46,39;38,34;10123,36;8,14;28,81;63,06;40,34;157,17;404,23;445,8;471,38;118,63
Bulgaria;2003;31,3;44,95;39,02;10730;8,33;27,98;63,68;40,69;136,21;376,75;443,11;459,91;121,39
Bulgaria;2004;34,41;45,79;40,47;11507,04;8,29;28,53;63,19;40,86;134,37;374,81;455,43;456,3;142,21
Bulgaria;2005;33,97;44,74;40,35;12419,92;6,83;28,84;64,33;41,02;126,92;355,76;457,25;445,04;144,89
Bulgaria;2006;31,61;46,89;42,53;13374,9;6,11;28,02;65,87;41,22;134,54;362,61;467,99;453,22;176,27
Bulgaria;2007;31,4;48,11;44,6;14463,17;5,65;28,49;65,87;41,52;129,68;351,39;489,43;463,74;193,32
Bulgaria;2008;32,28;48,84;46,03;15442,13;5,78;28,63;65,59;41,81;126,89;344,16;488,59;473,38;212,87
Bulgaria;2009;32,15;48,09;44,9;14984,59;5,34;26,82;67,84;42,18;117,15;321,27;496,38;455,95;222,7
Bulgaria;2010;33,34;47,7;43,12;15283,27;5,2;24,07;70,73;42,2;116,51;366,09;426,31;424,2;241,92
Bulgaria;2011;36,75;47,22;42,44;15676,13;4,81;23,91;71,28;42,41;104,03;354,8;427,93;414,47;241,5
Bulgaria;2012;36,39;47,83;42,64;15772,08;4,29;25,09;70,63;42,61;100,4;348,81;438,1;406,49;252,43
Bulgaria;2013;36,48;48,53;42,78;15938,93;4,44;23,83;71,73;42,92;93,12;344,83;444,5;405,79;268,23
Bulgaria;2014;36,68;48,63;43,57;16324,34;4,56;23,21;72,23;43,23;81,13;338,82;443,08;405,95;276,65
Bulgaria;2015;36,51;48,63;44,54;16999,11;4,33;22,74;72,93;43,57;72,49;335,54;432,08;408,55;283,12
Bulgaria;2016;37,87;47,76;44,44;17792,68;4,25;22,37;73,38;43,92;64,15;317,89;421,83;403,8;282,1
Bulgaria;2017;39,19;49,63;46,68;18606,21;4,53;22,54;72,93;44,02;68,91;323,55;431,61;409,62;292,71
Bulgaria;2018;38,57;49,53;47,17;19320,75;4,47;22,35;73,17;44,45;59,2;312,09;423,87;412,5;295,2
Chorwacja;2000;24,66;48,27;46,06;27031,78;2,84;19,89;77,28;42,81;143,73;419,19;630,86;569,69;316,07
Chorwacja;2001;24,67;48,28;46,34;28464,56;2,79;19,65;77,56;43,2;136,08;413,95;625,9;587,03;319,91
Chorwacja;2002;27,1;41,11;38,73;17893,93;3,34;24,77;71,89;40,28;241,63;426,42;527,79;536,07;77,83
Chorwacja;2003;24,59;40,86;38,87;18665,72;3,42;25,5;71,07;40,31;204,78;462,07;521,16;552,74;89,5
Chorwacja;2004;22,61;41,13;39,04;19606,46;3,69;24,53;71,78;40,36;194,34;478,13;503,9;557,38;108,93
Chorwacja;2005;24,03;42,12;39,85;20465,83;2,66;23,38;73,96;40,64;176,62;489,32;500,74;580,18;138,53
Chorwacja;2006;25,64;41,99;39,53;21500,42;2,67;22,63;74,7;41;152,54;486,1;498,27;576,35;163,58
Chorwacja;2007;20,7;42,92;39,73;22457,44;2,64;21,17;76,19;40,89;149,72;508,66;497,06;583,97;180,59
Chorwacja;2008;25,44;43,2;39,78;23399,11;2,62;20,85;76,53;40,83;143,82;524,05;528,19;552,14;186,31
Chorwacja;2009;25,15;42,88;39,56;23492,14;2,28;21,08;76,65;40,96;133,58;508,3;540,76;540,57;185,82
Chorwacja;2010;25,78;42,68;39,26;23782,36;2,31;20,91;76,77;41,09;129,4;487,7;554,83;533,49;189,12
Chorwacja;2011;23,95;42,79;38,63;22223,45;2,59;19,35;78,06;41,26;127,72;470,3;568,65;525,08;204,64
Chorwacja;2012;26,05;43,78;39,11;22421,7;2,31;19,77;77,92;41,6;128,8;463,45;579,57;525,14;237,01
Chorwacja;2013;24,38;43,9;39,08;22894,35;2,64;19,83;77,52;41,89;124;449,9;583,54;514,04;266,23
Chorwacja;2014;23,18;44,8;40,05;22674,19;2,8;19,06;78,14;41,78;133,35;448,84;604,54;521,6;266,08
Chorwacja;2015;26,67;44,91;40,36;23183,03;2,61;19,05;78,34;41,77;132,44;442,22;611,56;523,97;266,53
Chorwacja;2016;29,93;46,28;42,62;24220,73;2,63;19,15;78,21;41,88;141,94;436,21;629,38;537,27;283,72
Chorwacja;2017;29,05;47,25;43,92;25212,05;2,64;18,94;78,42;42,21;147,37;427,63;632,77;551,39;298,01
Chorwacja;2018;29,98;47,96;45,51;25842,87;2,84;19,16;78;42,58;147,61;420,22;634,45;558,22;318,06
Dania;2000;24,19;60,05;57,06;42337,71;1,96;13,5;84,54;38,93;215,65;323,69;330,27;322,78;131,98
Dania;2001;20,97;59,81;56,94;42533,54;1,71;14,4;83,89;39,53;189,18;312,12;340,59;310;156,1
Dania;2002;21,37;60,28;57,68;42595,58;1,63;12,25;86,12;39,58;191,17;322,94;347,74;306,23;160,41
Dania;2003;25,77;59,61;56,18;42645,57;1,76;11,64;86,6;40,25;183,69;291,21;340,62;309,24;187,43
Dania;2004;23,76;60,38;57,09;43670,45;1,87;12,01;86,12;40,28;187,61;301,41;350,47;304,03;195,86
Dania;2005;24,19;60,5;57,31;44567,92;1,61;12,41;85,99;40,54;193,94;294,39;347,44;305,28;200,2
Dania;2006;24,5;61,16;58,38;46159,92;1,46;11,63;86,91;40,46;208,36;290,9;348,81;311,42;200,04
Dania;2007;28,3;60,84;58,28;46373,51;1,57;12,64;85,78;40,45;206,59;286,2;351,02;311,13;200,98
Dania;2008;23,92;61,06;58,77;45865,8;1,09;12,24;86,67;40,33;222,3;286,07;349,39;322,95;193,69
Dania;2009;24,85;60,61;57,39;43382,62;1,12;10,05;88,83;40,48;225,9;283,5;347,76;324,42;195,29
Dania;2010;22,69;59,8;55,94;43998,43;0,85;9,22;89,93;40,86;222,64;271,47;340,62;327,96;202,46
Dania;2011;27,83;59,63;55,18;44403,38;0,88;9,35;89,77;41;226,08;263,29;338,94;331,31;205,94
Dania;2012;28,45;59,11;54,65;44336,82;1,09;9,48;89,44;41,32;219,47;262,24;332,39;337,13;206,45
Dania;2013;27,17;58,59;54,33;44564,45;0,99;9,18;89,83;41,53;217,06;260,84;327,04;342,83;209,29
Dania;2014;26,3;58,01;54,05;45057,08;0,89;9,29;89,82;41,65;217,23;259,01;321,61;341,45;210,16
Dania;2015;26,87;57,71;53,99;45787,98;1,06;9,66;89,28;41,66;221,32;262,35;319,07;338,05;218,3
Dania;2016;27,95;59,31;55,37;46906,75;1,04;9,3;89,66;41,82;239,78;270,75;313,18;345,08;233,28
Dania;2017;26,95;58,1;54,65;47554,92;1,01;8,96;90,03;42,05;228,98;272,64;303,53;342,07;240,09
Dania;2018;26,68;58,05;55,06;48419,44;0,99;8,82;90,19;42,02;226,7;286,95;298,61;342,61;246,82
Estonia;2000;40,38;56,19;49,45;34860,26;3,9;14,23;81,87;41,35;199,92;254,15;330,78;361,02;125,23
Estonia;2001;36,9;56,53;50,45;35688,68;3,78;13,75;82,47;41,63;197,04;252,45;327,08;358,34;146,12
Estonia;2002;37,93;56,86;51,08;36210,04;3,73;13,63;82,64;41,62;194,91;258,74;324,66;352,03;157,83
Estonia;2003;31,23;56,53;50,91;36847,61;3,43;12,86;83,71;41,96;193,75;249,98;320,61;346,66;172,07
Estonia;2004;35,18;56,31;50,36;38207,6;3,01;12,35;84,65;42,27;188,01;245,68;314,47;345,2;184,59
Estonia;2005;37,22;56,62;51,74;39135,46;2,92;12,28;84,8;42,44;160,62;246,54;310,53;342,44;198,71
Estonia;2006;33,01;57,09;52,47;40555,67;2,8;11,85;85,35;42,7;163,61;247,42;307,67;340,4;211,25
Estonia;2007;33,52;57,47;53,34;42523,43;2,58;11,45;85,96;42,63;172,59;252,99;303,19;338;217,43
Estonia;2008;35,94;57,44;53,6;42657,76;2,69;10,39;86,92;42,71;172,22;258,82;296,54;338,95;226,31
Estonia;2009;35,32;57,02;52,7;39026,22;2,85;9,96;87,19;42,91;164,36;263,12;290,67;336,58;234,24
Estonia;2010;36,08;56,03;51,74;40085,76;2,77;9,9;87,32;43,17;158,64;257,09;284,02;332,66;241,75
Estonia;2011;35,36;55,81;51,85;40916,84;2,4;9,29;88,3;43,14;162,63;256,4;280,96;330,95;239,64
Estonia;2012;31,79;55,95;52;40153,58;2,32;9,05;88,63;43,21;167,69;255,12;278,2;330,39;246,73
Estonia;2013;33,39;55,5;51,33;39608,48;2,26;9,07;88,68;43,21;169,33;254,1;270,69;329,58;248,69
Estonia;2014;32,6;55,51;51,09;39301,06;2,32;8,62;89,06;43,22;166,88;256,16;272,35;328,7;249,49
Estonia;2015;30,72;55,52;50,61;39391,42;2,2;8,73;89,07;43,22;167,42;257,63;274,25;324,36;253,13
Estonia;2016;36,24;54,96;50,24;40310,59;2,09;8,81;89,1;43,08;164,49;256,7;275,77;314,21;253,51
Estonia;2017;38,51;55,16;50,53;41443,21;2,15;8,55;89,29;42,94;165,42;260,96;279,8;312,64;254,26
Estonia;2018;36,07;55,01;50,81;42060,8;2,11;8,4;89,49;42,93;164,7;264,71;291,31;307,53;262,1
Finlandia;2000;26,64;48,6;42,66;34705,14;2,84;13,96;83,2;39,06;1153,96;3302,35;3461,55;3107,06;782,81
Finlandia;2001;27,92;48,35;43,25;35136,94;2,82;13,85;83,33;39,32;1166,4;3238,31;3449,69;3196,46;795,19
Finlandia;2002;28,36;48,57;43,8;35278,44;2,78;13,25;83,98;39,61;1191,38;3146,73;3484,1;3231,46;903,58
Finlandia;2003;28,62;49,81;45,25;35317,62;2,68;12,3;85,02;39,87;1249,7;3247,46;3600,2;3312,52;1065,63
Finlandia;2004;28,17;49,69;44,78;36050,6;2,64;12,41;84,95;40,06;1245,82;3206,71;3606,92;3339,68;1125,4
Finlandia;2005;29,85;50,12;45,46;36374,97;2,28;11,97;85,75;40,29;1292,25;3182,75;3593,29;3414,37;1284,54
Finlandia;2006;29,59;50,16;45,58;37006,99;2,22;11,61;86,16;40,5;1290,51;3146,38;3638,72;3464,73;1350,26
Finlandia;2007;28,6;50,51;46,42;37670,53;2,14;11,43;86,43;40,59;1311,39;3174,62;3673;3484,33;1406,84
Finlandia;2008;29,52;50,69;46,91;37556,1;1,83;10,85;87,32;40,68;1294,15;3175,11;3723,01;3527,81;1443,27
Finlandia;2009;29,68;50,97;46,48;36289,8;1,88;10,2;87,92;40,85;1341,58;3139,3;3727,12;3573,65;1532,37
Finlandia;2010;30,45;50,92;46,3;36814,92;1,76;10,06;88,18;41,12;1296,87;3157,24;3681,63;3619,38;1614,69
Finlandia;2011;31,99;50,77;46,14;37440,64;1,87;10,44;87,69;41,43;1263,85;3149,57;3630,32;3621,85;1709,11
Finlandia;2012;29,74;50,93;46,17;37376,54;1,83;10,16;88;41,71;1235,72;3158,4;3609,02;3625,29;1838,26
Finlandia;2013;29,64;51,08;46,08;37398,93;1,84;10,03;88,13;41,83;1228,45;3216,47;3580,24;3649,14;1913,44
Finlandia;2014;33,68;50,83;45,74;37575,81;1,64;9,57;88,78;42,12;1234,48;3277,22;3664,25;3772,8;2069,15
Finlandia;2015;33,32;50,73;45,72;37835,81;1,64;9,3;89,07;42,27;1257,78;3234;3644,91;3754,61;2145,44
Finlandia;2016;34,14;50,68;45,69;38097,88;1,62;9,17;89,21;42,4;1263,61;3214,07;3613,29;3792,13;2195,15
Finlandia;2017;31,29;50,44;45,73;38955,83;1,58;9,79;88,63;42,54;1248,36;3205,85;3566,12;3792,22;2281,37
Finlandia;2018;31,83;50,34;45,69;39555,54;1,56;9,65;88,79;42,53;1284,53;3226,72;3572,01;3821,94;2329,26
Francja;2000;34,97;49,06;45,01;36698,84;2,11;18,28;79,61;39,21;2072,22;4157,47;5042,76;4042,38;1906,95
Francja;2001;35,51;49,36;45,52;37259,16;2,07;17,88;80,05;39,57;2079,9;3947,51;5194,99;4289,23;1859,75
Francja;2002;36,43;49,63;45,55;37122,75;1,96;17,62;80,42;39,94;2114,5;3854,2;5277,54;4373,75;1838,88
Francja;2003;35,41;49,99;45,35;36837,47;1,83;16,92;81,25;40,31;2109,14;3761,66;5339,79;4522,63;1910,83
Francja;2004;35,89;49,81;44,79;37283,89;1,7;17,01;81,29;40,83;2027,35;3569,66;5349,46;4654,75;1977,55
Francja;2005;37,59;50,7;45,18;37574,36;1,73;16,02;82,25;41,3;2213,86;3584,17;5521,32;4761,31;2129,67
Francja;2006;37,89;51,49;46,25;39051,69;1,61;16,01;82,38;41,49;2236,13;3679,43;5513,45;4850,79;2257,68
Francja;2007;37,84;52,01;47,44;40270,83;1,61;15,95;82,43;41,81;2271,78;3646,28;5429,57;4927,91;2403,68
Francja;2008;38,51;52,13;48,14;40735,73;1,32;15,01;83,67;42,18;2263,43;3647,45;5253,52;5060,87;2493,67
Francja;2009;38,09;52,53;48,69;38512,41;1,25;14,56;84,19;42,53;2230,79;3719,55;5042,75;5189,79;2614,75
Francja;2010;38,49;52,79;49,36;40183,35;1,2;14,27;84,54;42,94;2105,2;3672,7;4794,62;5255,55;2709,42
Francja;2011;39,33;53,66;50,66;42541,53;1,18;14,19;84,63;43,2;2133,66;3766,28;4609,34;5343,4;2915,93
Francja;2012;39,32;53,7;50,92;42639,89;1,1;14,16;84,74;43,59;2020,14;3809,83;4452,65;5428,99;3082,39
Francja;2013;36;54,31;51,64;42705,79;1,01;14,01;84,98;43,96;2016,35;3881,21;4309,17;5484,25;3312,4
Francja;2014;32,74;54,51;51,99;43474,68;1,01;14,17;84,82;44,35;1954,09;3957,91;4202,64;5525,57;3468,32
Francja;2015;31,66;54,61;52,3;43849,77;0,96;13,87;85,18;44,6;1902,02;3985,85;4155,36;5535,94;3612,09
Francja;2016;32,91;54,96;52,9;44467,22;0,89;13,81;85,3;44,87;1922,05;4054,98;4114,12;5646,21;3795,48
Francja;2017;33,37;55,21;53,38;45393,39;0,88;13,87;85,25;44,96;1948,74;4036,18;4099,15;5559,71;3945,92
Francja;2018;34,47;55,25;53,53;45936,18;0,87;13,63;85,5;44,93;1927,1;4009,21;4130,23;5401,7;4141,02
Grecja;2000;25,13;40,85;33,83;24839,08;19,65;12,12;68,22;36,56;255,53;566,82;489,07;332,92;160,36
Grecja;2001;24,57;39,89;33,5;25731,21;17,41;11,63;70,96;36,76;247,16;585,7;503,09;344,16;150,01
Grecja;2002;24,93;40,61;34,34;26642,77;16,96;11,15;71,9;36,94;236,28;596,69;522,83;357;155,96
Grecja;2003;26,11;41,27;35,26;28119,41;16,57;11,03;72,39;37,47;220,88;600,21;544,94;380,79;161,52
Grecja;2004;25,95;42,64;35,79;29469,53;13,88;10,44;75,67;37,39;235,8;614,27;585,89;394,11;156,17
Grecja;2005;26,63;42,71;36,09;29559,28;13,53;9,91;76,57;37,85;204,66;622,26;594,62;410,47;168,4
Grecja;2006;26,85;43,11;37,16;31136,45;12,87;9,84;77,3;38,16;187,87;629,77;601,16;429,24;176,39
Grecja;2007;28,15;43,1;37,51;32073,96;12,13;9,84;78,04;38,55;176,46;618,3;609,97;441,6;181,14
Grecja;2008;28,53;43,14;38,15;31881,71;11,61;9,36;79,03;38,94;162,8;617,37;614,93;455,45;187,65
Grecja;2009;30,09;44,18;38,29;30430,42;11,85;8,61;79,53;39,15;166,66;624,53;627,4;475,31;195,6
Grecja;2010;30,19;44,75;37,42;28726,08;12,58;7,79;79,63;39,52;160,64;612,02;644,65;487,98;208,44
Grecja;2011;23,62;44,57;34,96;26141,32;12,64;7,47;79,89;39,66;154,22;598,52;646,66;494,23;202,69
Grecja;2012;25,97;44,88;32,19;24364,27;12,94;7,39;79,67;39,71;153,96;602,11;643,38;504,01;205,75
Grecja;2013;28,75;44,72;30,68;23746,08;13,45;7,48;79,07;40;141,19;586,05;639,9;511,22;213,55
Grecja;2014;28,32;44,85;31,29;24081,63;12,98;7,48;79,54;40,37;143,37;571,19;641,06;537,47;207,97
Grecja;2015;25,72;45,48;32,33;24134,68;12,35;7,95;79,69;40,77;131,46;558,39;659,86;559,14;207,85
Grecja;2016;25,5;45,7;32,83;24188,99;11,74;8,13;80,13;41,51;121,97;528,11;652,71;577,2;238,93
Grecja;2017;29,8;45,45;33,57;24601,67;11,47;8,16;80,37;41,9;126,13;495,47;644,95;578,54;250,38
Grecja;2018;27,48;45,28;34,45;25140,7;11,33;8,09;80,58;42,34;112,33;479,58;632,43;575,64;267,52
Hiszpania;2000;31,53;52,61;46,51;15641,14;4,45;22,62;72,93;41,74;29,94;76,91;87,47;88,56;38,17
Hiszpania;2001;32,28;52;45,12;16682,34;2,96;25,34;71,69;42,13;29,3;71,56;89,93;85,64;41,2
Hiszpania;2002;31,6;50,96;46,53;17930,36;4,12;22,66;73,21;42,97;25,18;70,39;82,83;84,89;45,39
Hiszpania;2003;29,89;52,32;46,89;19408,52;3,8;22,6;73,61;42,65;28,92;73,81;81,28;86,47;45,46
Hiszpania;2004;31,58;53,22;48,52;20846,24;2,71;25,65;71,64;43,19;31,71;67,2;84,88;89,45;47,98
Hiszpania;2005;32,05;53,5;49,8;22955,6;3,22;24,19;72,58;43,37;30,19;69,58;82,69;89,49;49,53
Hiszpania;2006;31,89;54,73;51,67;25335,55;3,18;21,64;75,18;43,32;29,52;72,76;82,84;90,36;52,08
Hiszpania;2007;32,3;54,15;52,12;27378,97;3,06;21,8;75,14;43,54;30,69;69,82;79,09;89,26;52,22
Hiszpania;2008;32,46;54,89;52,07;26055,44;2,41;22,09;75,5;43,38;34,82;68,08;79,98;89,09;53,94
Hiszpania;2009;33,22;54,74;49,1;22337,65;2,61;19,37;78,02;43,84;30,92;67,57;79,87;88,88;58,57
Hiszpania;2010;34,33;55,02;47,27;22994,69;2,81;17,96;79,24;43,81;29,86;69,09;79,92;88,55;58,74
Hiszpania;2011;29,96;55,56;49,13;24780,98;2,46;19,06;78,48;43,86;30,49;69,93;78,57;86,59;59,84
Hiszpania;2012;30,21;55,36;50,32;25643,35;2,52;17,65;79,83;44,15;29,77;67,15;78,01;84,53;61,74
Hiszpania;2013;30,76;55,34;50,83;26081,21;2,26;17,14;80,6;44,24;28,84;66,66;77,69;82,47;63,32
Hiszpania;2014;30,87;54,59;50,87;26930,88;2,24;17,52;80,24;44,21;26,29;68,66;74,7;79,82;63,24
Hiszpania;2015;31,38;55,99;52,56;27409,75;2,51;17,47;80,03;44,71;25,26;69,71;73,9;81,4;65,71
Hiszpania;2016;31,2;56,47;53,04;28122,87;2;17,27;80,73;45,16;26,29;66,5;73,71;80,61;67,65
Hiszpania;2017;30,57;57,14;54,11;29703,61;1,93;17,39;80,68;44,82;26,76;69,22;74,62;80,41;68,51
Hiszpania;2018;32,14;56,95;54,03;31035,39;1,89;17,17;80,93;44,99;27,8;68,31;74,31;79,12;70,31
Holandia;2000;25,33;49,58;40,49;14732,49;18,38;18,83;62,8;39,76;997,54;1958,67;2347,43;2118,76;436,1
Holandia;2001;26,18;49,97;39,97;14920,47;19,43;18,51;62,05;39,22;1095,39;2011,06;2346,56;2073,69;421,65
Holandia;2002;25,35;48,8;38,71;15232,14;19;17,28;63,72;39,13;1016,37;2070,52;2256,39;2076,96;388,09
Holandia;2003;25,67;48,22;38,61;15785,43;16,97;17,42;65,61;39,11;954,31;2077,69;2147,07;2054,56;431,69
Holandia;2004;25,4;47,48;38,1;16605,82;16,58;17,68;65,75;38,88;929,97;2119,86;2076,98;2065,77;408,54
Holandia;2005;24,97;47,79;38,64;17193,53;16,64;17,1;66,25;38,87;921,71;2186,16;2021,29;2111,13;441,96
Holandia;2006;26,73;46,7;39,73;18267,6;15,02;17,44;67,54;38,71;879,27;2204,82;1956,93;2071,04;439,53
Holandia;2007;27,42;46,44;41,63;19563,32;14,17;17,81;68,02;38,75;817,77;2233,7;1945,68;2055,51;471,53
Holandia;2008;27,27;46,8;43,08;20391,9;13,82;17,82;68,36;38,79;793,47;2256,18;1963,94;2058,07;523,17
Holandia;2009;28,16;47,42;43,31;20952,8;13,16;16,75;70,09;38,96;758,63;2295,41;2002,52;2080,8;590,95
Holandia;2010;28,42;48,27;43,43;21770,64;12,69;16,13;71,19;39,15;726,3;2174,45;1954,44;2039,92;686,77
Holandia;2011;29,27;48,37;43,34;22850,64;12,25;16,52;71,24;39,48;661,04;2166,8;2000,15;1989,94;800,2
Holandia;2012;28,78;48,76;43,45;23218,11;11,73;16,11;72,16;39,59;642,42;2165,17;2062,28;1938,68;882,54
Holandia;2013;24,58;48,78;43,36;23555,5;10,95;16,13;72,93;39,77;607,75;2142,55;2112,15;1876,38;953,21
Holandia;2014;25,46;49,16;44,45;24355,4;10,27;16,51;73,22;39,89;598,05;2127,07;2164,32;1832,06;1012,76
Holandia;2015;26,03;49;45,22;25307,28;10,37;16,49;73,14;40,13;547,36;2107,32;2180,38;1810,6;1076,97
Holandia;2016;25,41;49,02;45,97;26093,88;9,41;16,88;73,71;40,34;564,14;2056,01;2164,28;1764,57;1096,64
Holandia;2017;26,59;49,15;46,74;27378,89;8,88;17,25;73,86;40,73;552,71;1969,77;2195,83;1782,37;1114,79
Holandia;2018;25,66;48,92;47,12;28785,54;8,76;17,05;74,19;40,98;548,52;1900;2244,67;1815,27;1068,18
Irlandia;2000;26,28;35,44;30,18;36735,92;4,35;20,53;75,12;37,07;1145,03;2862,38;2610,77;1792,04;557,92
Irlandia;2001;27,53;36,02;31,33;37431,75;4,37;20,44;75,19;37,57;1057,25;2862,69;2730,36;1916,35;559,51
Irlandia;2002;27,26;36,56;31,95;37470,96;3,93;20,11;75,96;37,85;983,22;2929,14;2797,2;1974,51;617,43
Irlandia;2003;28,68;37,02;32,6;37356,48;3,69;19,88;76,43;38,34;958,9;2920,13;2828,65;2064,87;663,94
Irlandia;2004;28,7;38,26;34,34;37643,87;3,16;17,74;79,1;38,6;950,59;2888,85;3028,75;2147,24;710,65
Irlandia;2005;30,26;37,86;34,05;37765,71;3,26;17,38;79,36;39,09;844,12;2802,34;3100,52;2198,46;773,1
Irlandia;2006;30,61;37,97;34,64;38326,59;3,32;16,71;79,97;39,55;782,79;2742,7;3153,22;2298,61;811,93
Irlandia;2007;38,6;37,75;34,78;38700,63;3,06;16,48;80,46;40,01;737,98;2639,32;3154,69;2388,42;853,31
Irlandia;2008;39,89;38,39;35,13;38075,25;2,83;15,86;81,31;40,36;743,65;2634,23;3249,7;2511,22;904,74
Irlandia;2009;39,52;37,9;34,4;35900,58;2,66;14,83;82,51;40,79;691,66;2534,83;3240,23;2565,78;967,86
Irlandia;2010;39,14;37,78;34,15;36403,52;2,71;14,1;83,19;41,27;675,25;2409,97;3243,51;2684,62;1020,75
Irlandia;2011;33,75;37,94;34,31;36598,01;2,63;14,23;83,14;41,7;664,97;2340,79;3239,05;2782,2;1113,97
Irlandia;2012;33,17;39,16;34,53;35411,49;2,57;13,8;83,63;42,12;700,43;2346,87;3275,6;2960,21;1246,8
Irlandia;2013;33,31;39,03;33,93;34358,91;2,43;13,69;83,88;42,58;683,07;2253,44;3248,5;3029,02;1349,41
Irlandia;2014;33,7;39,4;33,96;34043,56;2,4;13,34;84,26;43,03;671,28;2236,89;3217,9;3087,99;1497,93
Irlandia;2015;34,65;39;34,05;34341,61;2,43;13,23;84,34;43,49;625,46;2174,34;3119,88;3132,1;1563,39
Irlandia;2016;36,22;39,64;34,57;34840,2;2,51;12,9;84,59;43,83;650,96;2150,35;3096,96;3212,46;1668,25
Irlandia;2017;36,18;40,1;35,13;35491,27;2,35;12,76;84,89;44,29;628,17;2151,41;3015,88;3260,16;1816,87
Irlandia;2018;36,02;40;35,51;35828,49;2,31;12,6;85,08;44,71;618,6;2112,48;2939,82;3284,79;1921,52
Litwa;2000;42,68;54,79;47,34;12194,66;15,21;20,97;63,83;39,75;79,51;218,78;249,1;191,72;75,33
Litwa;2001;46,38;53,15;45,66;13097,77;13,03;20,95;66,03;39,97;68,43;212,31;255,65;190,65;72,7
Litwa;2002;47,02;52,11;45,45;14095,98;14,91;19,56;65,52;40,3;67,97;206,93;246,47;191,58;75
Litwa;2003;40,81;54,88;47,63;15708,58;15,55;20,38;64,07;40,88;73,07;211,9;247,73;200,53;93,84
Litwa;2004;45,37;51,42;45,73;16926,52;13,51;19,73;66,76;41,67;47,84;194,09;237,43;206;87,61
Litwa;2005;43,17;50,6;46,28;18533,87;11,51;20,76;67,73;41,62;50,14;188,87;231,15;200,1;88,94
Litwa;2006;40,49;50,13;47,32;20226,9;11,46;19,34;69,2;41,66;55,39;181,06;215,21;193,95;93,89
Litwa;2007;38,12;50,18;48;22737,97;8,6;19,75;71,66;42,09;52,85;173,28;212,05;201,28;96,11
Litwa;2008;40,18;50,54;47,69;23576,78;5,9;18,98;75,11;42,22;59,64;169,97;205,99;204,27;95,99
Litwa;2009;39,24;52,06;46,58;20308,32;6,66;17,67;75,67;42,41;60,12;177,92;204,04;211,36;100,79
Litwa;2010;41,08;52,55;44,92;21046,07;6,49;16,61;76,9;42,55;57,4;176,28;205,94;216,38;100,96
Litwa;2011;39,11;53,11;46,25;22823,92;6,46;16,4;77,14;43,06;50,25;162,7;197,74;216,26;104,87
Litwa;2012;38,9;53,63;47,42;24018,82;6,35;16,16;77,49;43,28;52,29;159,83;191,92;214,86;108,98
Litwa;2013;39,58;53,26;47,67;25126,51;6,1;16,19;77,71;43,38;52,31;159,52;184,42;208,68;115,75
Litwa;2014;38,55;54,08;49,09;26232,53;6,74;16,19;77,07;43,81;55,41;156,52;179,3;209,13;123,9
Litwa;2015;39,61;54,54;50,09;27018,86;6,63;16,47;76,91;44,22;55,42;157,41;171,81;203,63;135,49
Litwa;2016;39,42;55,86;52,14;28063,8;5,54;15,58;78,88;44,68;54,23;159;166,41;197,82;146,52
Litwa;2017;39,31;56,24;53,04;29667,79;5,41;15,6;79;45,21;50,7;154,1;158,46;193,45;154,57
Litwa;2018;39,24;56,35;53,25;31177,58;5,3;15,35;79,35;45,65;50,3;152,35;153,95;190,67;161,57
Lotwa;2000;37,14;30,18;28,21;24599,64;0,8;24,63;74,57;29,52;16,37;12,8;8,05;7,55;1,68
Lotwa;2001;38,44;29,45;27,08;24564,09;0,78;22,67;76,55;28,87;17,54;12,82;7,02;8,01;1,95
Lotwa;2002;40,31;30,89;28,32;25108,91;0,67;21,93;77,39;29,87;17,18;13,28;9,33;7,95;2,49
Lotwa;2003;39,27;30,21;27,22;25578,83;0,59;18,57;80,84;30,48;16,73;13,05;9,27;7,93;2,88
Lotwa;2004;43,57;28,17;25,84;25520,27;0,87;17,27;81,86;30,23;15,04;12,93;8,69;7,74;2,45
Lotwa;2005;43,31;29,63;27,15;26317,57;0,59;16,84;82,57;31,19;14,53;15,4;8,74;7,97;3,26
Lotwa;2006;40,21;29,97;27,48;26701,39;0,31;15,19;84,5;31,07;13,81;17,01;8,72;8,01;3,13
Lotwa;2007;42,47;31,9;29,38;27669,16;0,39;13,34;86,27;31,97;14,03;17,58;10,37;8,67;3,62
Lotwa;2008;42,54;32,92;30,69;28409,66;0,4;10,99;88,61;32,46;13,78;18,71;10,9;9,18;4
Lotwa;2009;44,28;33,39;30,84;27502,01;0,45;12,01;87,54;33,19;13,28;19,12;11,89;9,71;3,92
Lotwa;2010;42,07;34,08;31,65;28336,79;0,28;13,22;86,51;33,68;13,13;19,49;13,01;9,87;4,34
Lotwa;2011;45,54;35,46;32,93;28585,82;0,21;12,72;87,08;33,67;12,94;21,1;14,35;9,69;4,63
Lotwa;2012;45,81;37,46;34,72;29120,67;0,35;10,71;88,95;34,75;13,12;21,92;16,44;11,86;5,4
Lotwa;2013;43,79;39,26;36,81;30038,66;0,46;11,61;87,93;35,22;13,4;23,19;17,77;13,16;5,94
Lotwa;2014;44,1;40,69;38,52;32008,37;0,44;10,25;89,32;35,72;13,85;24,03;19,49;13,55;6,76
Lotwa;2015;44,32;41,61;39,45;34634,63;0,39;8,87;90,74;36,22;13;25,55;20,5;14;7,74
Lotwa;2016;47,25;42,4;40,19;35772,26;0,25;9,28;90,47;36,77;12,71;27,45;21,48;15,22;8,96
Lotwa;2017;46,26;43,33;41,31;37146,33;0,22;9,53;90,25;36,97;13,16;29,69;23,15;16,08;9,24
Lotwa;2018;44,87;43,29;41,31;38388,06;0,22;9,27;90,51;37,34;14,43;31,94;25,49;17,39;10,33
Luksemburg;2000;26,91;41,38;40,08;81689,82;1,49;6,38;92,13;36,85;7,31;25,27;22,34;14,57;3,66
Luksemburg;2001;30,15;41,14;40,25;82766,99;1,04;6,66;92,3;36,91;7,96;25,68;24,04;14,83;3,06
Luksemburg;2002;22,08;42,38;40,84;85032,71;1,01;6,57;92,42;37,21;7,69;26,19;24,8;15,48;3,93
Luksemburg;2003;28,82;42,53;40,52;85374,34;1,84;6,07;92,09;38,07;7,43;24,85;25,34;17,02;4,72
Luksemburg;2004;26,7;44,35;41,2;87209,82;1,48;6,54;91,97;38,51;6,56;25,34;27,07;19,04;5,11
Luksemburg;2005;23,77;45,37;42,72;88610,29;1,09;5,79;93,13;39;6,53;25,02;28,11;20,43;5,79
Luksemburg;2006;26,76;46,71;43,78;91724,18;1,2;5,19;93,61;39,04;6,56;25,25;28,74;22,2;7,03
Luksemburg;2007;21,17;46,89;44,68;97864,2;1,15;5,47;93,39;39,17;5,98;27,67;30,2;22,57;7,09
Luksemburg;2008;27,52;46,96;44,12;94900,35;1,17;6,14;92,69;39,46;7,25;26,34;28,38;23;7,17
Luksemburg;2009;19,09;48,77;45,78;89098,73;0,86;4,02;95,12;39,09;8,15;29,03;30,65;23,23;7,56
Luksemburg;2010;24,69;48,83;46,34;91743,29;0,74;4,78;94,47;39,87;6,45;28,8;31,04;25,69;8,26
Luksemburg;2011;24,02;49,41;46,32;92005,02;0,81;4,22;94,96;39,94;6,84;29,76;31,54;26,39;8,61
Luksemburg;2012;18;50,97;47,96;89505,16;0,89;3,93;95,17;40,16;7,43;31,7;32,55;28,35;9,85
Luksemburg;2013;14,86;51,11;47,85;90656,38;0,92;4,29;94,8;40,15;6,47;32,03;33,93;29,53;9,75
Luksemburg;2014;22,53;51,99;48,99;92349,19;0,84;4,24;94,92;40,1;6,74;33,29;34,96;29,79;10,72
Luksemburg;2015;18,2;53,56;49,62;94079,51;0,75;4,4;94,86;39,37;11,09;35,53;36,69;30,34;10,96
Luksemburg;2016;17,74;52,24;48,78;96285,49;0,61;4,68;94,72;39,43;10,24;36,68;35,73;32,16;10,98
Luksemburg;2017;18,81;53,48;50,54;95665,66;0,7;3,31;95,99;39,82;9,74;37,84;38,19;34,9;11,88
Luksemburg;2018;24,51;53,48;50,42;96792,6;0,68;3,21;96,1;39,6;11,04;39,1;39,46;35,01;12,71
Malta;2000;17,6;53,22;51,38;42016,55;2,38;9,45;88,16;36,34;648,75;969,06;923,38;721,55;208,97
Malta;2001;15,33;54,19;52,83;42670,94;2,44;8,93;88,63;36,67;670,54;962,46;959,71;745,76;228,11
Malta;2002;17,65;54,88;53,3;42491,57;2,03;8,9;89,06;37,15;676,5;943,82;984,58;794,84;242,38
Malta;2003;19,08;55,61;53,5;42357,39;2,01;8,25;89,74;37,48;689,81;938,3;980,65;792,11;296,06
Malta;2004;13,07;56,1;53,27;43048,31;2,13;8,08;89,78;37,94;681,48;914,18;1010,72;824,33;315,45
Malta;2005;18,04;56,64;53,77;43828,65;2,18;8,51;89,31;38,38;633,74;878,97;1002,48;829,88;328,45
Malta;2006;18,3;57,19;54,7;45272,78;2,08;8,17;89,75;38,76;634,4;859,76;1021,16;854,22;350,9
Malta;2007;17,97;58,42;56,3;46878,77;1,88;7,8;90,32;39,07;660,11;854,42;1028,44;885,04;392,23
Malta;2008;17,05;59,24;57,46;47710,1;1,77;7,36;90,87;39,46;673,6;849,69;1036,51;920,87;416,63
Malta;2009;21,34;59,74;57,67;45724,86;1,71;6,99;91,3;39,78;684,46;850,48;1022,96;934,64;451,53
Malta;2010;22,65;58,25;55,62;46101,75;1,84;6,64;91,52;40,08;678,64;847,73;1000,86;963,48;476,74
Malta;2011;24,22;58,09;54,94;46599,02;1,63;6,43;91,94;40,34;685,89;843,85;965,06;976,44;521,24
Malta;2012;27,07;58,63;54,97;45948,54;1,61;6,44;91,95;40,48;704,66;858,17;951,9;989,67;548,16
Malta;2013;28,41;58,54;54,26;45753,63;1,24;6,12;92,64;40,65;702,83;864,85;945,74;997,48;568,51
Malta;2014;26,33;57,81;53,33;46238,21;1,39;6;92,61;40,83;681,18;861,14;909,25;998,6;589,39
Malta;2015;26,69;58,2;53,97;46935,6;1,51;6,05;92,45;40,97;699,45;865,47;880,05;1011,35;621,59
Malta;2016;27,56;58,02;54,24;47709,72;1,38;6,18;92,44;41,11;703,44;872,73;860,67;1020,29;651,68
Malta;2017;28,71;58,08;55,03;48809,09;1,46;6,18;92,36;41,22;716,44;888,06;839,96;1020,93;680,11
Malta;2018;28,9;57,99;55,53;49787,07;1,44;6,06;92,5;41,29;722;906,86;837,36;1009,48;709,2
Niemcy;2000;27,13;51,63;46,19;21193,9;3,8;27,22;68,99;40,35;308,33;524,84;606,97;698,66;133,52
Niemcy;2001;26,92;51,23;46,31;21892,48;3,38;28,36;68,26;40,56;278,62;523,07;603,6;703,03;143,48
Niemcy;2002;27,29;50,93;46,57;22297,22;3,46;27,84;68,7;40,8;246,02;536,87;592,38;695,25;170,11
Niemcy;2003;28,04;51,05;46,13;23107,2;3,21;27,28;69,51;40,9;228,7;558,4;579,91;685,09;200,79
Niemcy;2004;27,71;50,64;45,75;24233,6;3,19;26,79;70,02;41,09;212,36;563,27;583,66;669,05;216,17
Niemcy;2005;28,17;50,77;45,8;25781,2;2,82;26,49;70,69;41,18;191,57;582,68;593,36;660,15;233,91
Niemcy;2006;28,51;50,63;46,15;27473,63;2,79;27,02;70,18;41,27;191,71;577,12;603,79;645,63;248,57
Niemcy;2007;28,73;49,89;46,53;28844,07;2,53;26,81;70,66;41,49;175,45;568,93;606,24;629,48;264,05
Niemcy;2008;29,19;49,35;46,58;29373,11;2,31;26,74;70,96;41,67;170,37;558,21;614,34;622,85;274,95
Niemcy;2009;29,66;49,51;45,68;27803,59;2,22;24,06;73,71;41,71;168,57;550,32;632,35;620,25;285,64
Niemcy;2010;29,93;49,23;45,07;28352,95;1,92;23,2;74,88;41,76;159,17;530,27;650,53;615,37;293,9
Niemcy;2011;30,32;49,43;45,53;28797,42;1,87;23,89;74,24;41,86;145,22;513,06;671,26;607,82;305,06
Niemcy;2012;28,63;50,07;45,96;28527,14;1,93;23,33;74,74;42,09;151,11;493,08;692,68;612,32;316,98
Niemcy;2013;28,9;50,99;46,76;28379,75;2,07;22,91;75,02;42,21;146,2;499,47;707,96;611,72;331,31
Niemcy;2014;29;50,97;47,2;29119,62;1,64;23,6;74,77;42,48;140,7;482,63;717,23;611,66;339,42
Niemcy;2015;29,29;51,42;48,3;30605,42;1,64;23,75;74,62;42,77;142,49;472,39;719,14;622,53;344,64
Niemcy;2016;29,29;52,06;49,63;31295,26;1,72;24,15;74,13;43,05;131,71;478,18;724,46;629,72;356,55
Niemcy;2017;29,21;52,54;50,66;32570,78;1,79;24,22;73,99;43,42;129,57;474,31;717,77;644,15;370,26
Niemcy;2018;29,39;52,44;50,9;33435,51;1,76;23,98;74,26;43,88;124,77;459;717,22;664,06;387,04
Polska;2000;32,54;52,67;50,18;25981,36;14,32;22,52;63,15;38,97;293,07;640,02;601,12;459,31;255,24
Polska;2001;29,79;53,42;50,77;26300,22;14,69;22,17;63,15;39,18;298,94;648,75;611,74;484,88;248,38
Polska;2002;31,08;53,98;51,12;26358,23;13,92;21,09;65;39,38;290,95;670,45;610,04;496,34;262,01
Polska;2003;33,3;54,67;50,7;26015,11;14,02;20,66;65,32;39,29;279,4;695,93;635,04;500,47;265,87
Polska;2004;32,75;54,24;50,34;26417,2;12,91;19,38;67,71;39,78;248,77;687,8;654,15;513,12;273,5
Polska;2005;32,8;55,28;50,51;26574,4;13,09;18,43;68,48;40,11;240,74;702,88;652,35;539,2;286,96
Polska;2006;35,35;55,57;50,62;26957,58;12,53;18,64;68,83;40,26;231,32;699,2;669,83;555;287,46
Polska;2007;36,22;56;50,68;27579,1;12,37;18,1;69,53;40,55;227,15;693,9;681,84;556,19;305,83
Polska;2008;36,13;55,87;50,98;27627,28;12,05;16,62;71,33;40,72;224,19;682,99;682,37;573,73;309,28
Polska;2009;35,48;55,63;50,02;26739,24;11,68;16,02;72,31;40,94;215,4;670,07;695,32;583,19;309,06
Polska;2010;35,64;55,82;49,19;27191,38;10,91;15,95;73,14;41,35;195,18;657,84;712,35;610,93;322,75
Polska;2011;37,98;54,61;47,49;26769,51;8,8;15,79;75,41;41,14;202,39;637,66;718,43;605,72;319,42
Polska;2012;37,82;54,65;46,18;25787,73;8,91;14,81;76,27;41,56;194,58;612,82;726,27;617,55;326,86
Polska;2013;37,76;54,13;45,27;25690,41;7,9;14,74;77,36;41,78;185,31;587,51;731,46;626,35;329,04
Polska;2014;38,81;53,8;46,09;26033,92;6,29;14,99;78,72;41,99;184,73;567,23;732,98;632,63;335,98
Polska;2015;40,17;53,78;46,92;26610,44;5,39;15,24;79,37;42,33;178,22;550,4;728,28;635,06;356,14
Polska;2016;41,17;53,58;47,59;27233,61;4,79;15,15;80,07;42,65;168,67;533,64;728,59;642,52;367,82
Polska;2017;41,25;54,17;49,1;28257,34;4,18;15,28;80,54;43,08;173,72;522,07;716,98;654,35;399,06
Polska;2018;42,5;53,87;49,88;28999,37;4,12;15,09;80,79;43,64;169,04;508,32;703,75;664,04;431,86
Portugalia;2000;31,05;57,87;54,18;10419,26;47,96;20,34;31,71;41,73;658,51;1390,54;1221,35;1043,87;589,59
Portugalia;2001;30,81;56,61;53,21;11117;47,44;20,86;31,7;41,71;635,13;1411,83;1165,34;1054,6;554,47
Portugalia;2002;29,5;50,6;46,76;11968,11;40,07;24,41;35,52;40,13;577,95;1427,49;1045,94;1006,83;407,34
Portugalia;2003;32,2;48,52;45,43;12336,96;39,6;24,04;36,35;39,89;479,8;1293,59;1053,45;1039,66;405,84
Portugalia;2004;33,46;48,08;45,12;13701,32;33;26,02;40,98;39,16;523,1;1260,58;1117,5;1036,5;374,84
Portugalia;2005;34,06;46,31;43,34;14429,75;33,05;24,76;42,18;39,52;434,23;1208,2;1122,78;1016,57;393,79
Portugalia;2006;33,03;47,24;44,36;15680,9;31,42;25,3;43,27;39,85;414,24;1229,62;1170,65;1043,41;420,57
Portugalia;2007;31,83;46,83;44,3;17065,47;31,01;24,66;44,34;40,2;389,45;1217,31;1187,17;1008,87;419,39
Portugalia;2008;31,45;46,15;43,99;18967,28;30,39;23,83;45,77;40,52;378,39;1199,86;1187,2;954,47;443,89
Portugalia;2009;31,78;45,87;43,19;18070,7;30,71;21,94;47,35;40,7;386,63;1182,04;1215,67;931,75;456
Portugalia;2010;32,28;46,33;43,47;17469,18;32,35;19,9;47,74;40,79;310,64;1015,09;1249,73;820,54;474,2
Portugalia;2011;33,36;46,15;43,17;17907,67;31,09;19,87;49,04;40,92;310,02;1012,39;1243,43;811,88;468,78
Portugalia;2012;35,16;46,28;43,47;18361,2;31,01;19,99;48,99;41,29;300,44;992,18;1233,76;832,66;486,87
Portugalia;2013;33,75;46,01;43,1;19077,23;30,35;20,09;49,56;41,61;280,13;967,3;1188,54;876,76;498,3
Portugalia;2014;35,13;46,15;43,33;19801,95;29,31;20,69;49,99;41,78;262,44;977,25;1156,06;914,7;511,46
Portugalia;2015;32,63;45,19;42,55;20665,64;25,61;20,03;54,36;41,62;266,78;940,67;1156,2;926,28;469,33
Portugalia;2016;35,85;44,47;42,26;21782,13;22,64;21,05;56,32;42,18;229,83;898,32;1129,56;949,44;482,36
Portugalia;2017;34,3;45,97;44,11;23467,94;22,3;21,72;55,98;42,49;260,07;889,6;1135,09;1006,37;487,04
Portugalia;2018;33,96;45,57;43,9;24538,08;22,09;21,55;56,36;42,89;248,14;853,43;1120,77;1023,22;479,64
Republika_Czeska;2000;24,07;49,64;45,94;29368,06;4,61;12,98;82,4;36,09;19,2;38,13;36,03;25,48;11,05
Republika_Czeska;2001;26,77;52,09;49,06;30201,56;3,93;12,34;83,73;36,37;19,29;40,5;38,51;29,4;11,79
Republika_Czeska;2002;26,07;52,6;50,39;30968,99;4,21;11,94;83,85;36,5;17,72;42,76;40,81;30,04;11,55
Republika_Czeska;2003;27,68;53,85;51,37;31397,48;3,88;11,12;85;36,79;18,32;44,01;43,58;32,57;11,91
Republika_Czeska;2004;28,1;53,87;50,92;32537,46;4;10,48;85,53;37,23;17,94;43,69;44,52;34,6;12,59
Republika_Czeska;2005;29,62;53,2;49,73;33628,69;3,44;10,35;86,2;37,24;19,17;45,96;45,06;35,8;12,86
Republika_Czeska;2006;28,86;54,09;51,15;34631,26;2,88;10,03;87,09;37,23;18,85;47,57;46,36;35,98;15
Republika_Czeska;2007;28,62;55,22;52,68;35630,05;2,36;9,48;88,16;37,32;19,88;52,06;46,34;38,34;17,72
Republika_Czeska;2008;28,06;55,58;53,22;36013,62;2,67;9,62;87,71;37,16;20,3;53,53;45,18;38,99;17,88
Republika_Czeska;2009;28,99;56,51;53,41;34353,16;2,96;9,47;87,57;37,36;20,72;56,42;49,26;39,84;18,98
Republika_Czeska;2010;27,71;57,63;53,93;33913,3;2,49;9,2;88,31;37,5;22,14;59,82;51,79;41,52;20,57
Republika_Czeska;2011;25,75;56,81;52,48;33192,34;2,36;8,42;89,22;37,75;20,23;63,41;54,15;43,55;20,36
Republika_Czeska;2012;26,2;56,18;49,99;31749,56;1,85;8,35;89,8;37,79;20,08;64,31;54,18;45,08;20,01
Republika_Czeska;2013;27,18;56,27;47,76;29977,91;1,68;7,31;91,01;37,46;20,42;65,08;53,76;44,17;20,42
Republika_Czeska;2014;27,85;57,82;49,13;29912,19;2,06;7,05;90,89;37,18;21,94;65,53;54,82;44,45;20,24
Republika_Czeska;2015;29,48;57,88;49,34;30673,3;2,07;6,32;91,61;37,44;20,09;62,83;53,35;43,88;22,17
Republika_Czeska;2016;25,39;56,99;49,4;32002,23;1,64;6,41;91,95;37,82;19,28;61,06;52,04;42,59;23,61
Republika_Czeska;2017;24,64;57,26;50,81;33047,55;1,08;6,9;92,02;38,31;19,87;62,13;52,07;43,26;25,03
Republika_Czeska;2018;26,76;57,24;52,57;30926,5;1,06;6,85;92,09;38,87;20,74;60,8;52,7;43,71;28,55
Rumunia;2000;26,8;52,3;42,57;15645,44;4,33;25,47;70,21;38,02;189,09;298,51;357,71;301,22;28,7
Rumunia;2001;28,46;52,85;43,05;16184,1;3,79;24,73;71,48;38,19;184,18;304,25;362,26;319,61;28,83
Rumunia;2002;33,25;52,34;42,51;16920,07;4,29;26,19;69,51;38,54;175,35;298,29;359,65;326,98;27,71
Rumunia;2003;33,22;52,59;43,5;17862,27;3,74;25,58;70,68;38,77;165,94;302,27;362,15;330,73;31,89
Rumunia;2004;28,88;52,51;42,21;18809,02;2,77;26,36;70,86;38,88;156,62;315,72;346,51;343,84;39,29
Rumunia;2005;29,18;51,27;42,43;20052,87;2,63;25,24;72,13;39,58;139,25;311,09;332,13;349,83;51,96
Rumunia;2006;30,18;50,67;43,21;21754,99;2,39;24,78;72,83;39,69;129,41;318,95;325,72;345;63,19
Rumunia;2007;28,21;50,48;44,08;24104,46;2,25;24,3;73,45;39,78;125,61;318,58;325,06;341,02;71,9
Rumunia;2008;29,53;50,89;45,33;25426,45;2,18;24,42;73,4;40,14;109,35;327,08;329,78;346,39;84,93
Rumunia;2009;31,26;50,18;43,75;24007,29;2,04;22,18;75,78;40,33;101,33;323,32;327,55;339,29;97,74
Rumunia;2010;31,05;50,64;43,24;25357,06;1,77;21,1;77,13;40,54;99,05;319,94;336,1;337,59;112,43
Rumunia;2011;30,84;50,21;43,37;26049,79;1,43;21,36;77,2;41,16;83,61;305,73;326,87;337,56;125,78
Rumunia;2012;31,06;50,73;43,36;26498,51;1,66;20,93;77,4;41,18;84,21;308,57;329,56;329,65;142,81
Rumunia;2013;31,25;51,07;43,65;26647,63;1,66;19,24;79,09;41,44;81,65;301,03;343,12;324,79;154,41
Rumunia;2014;31,67;51,12;44,15;27354,53;1,69;19,96;78,35;41,73;78,49;290,4;353,49;321,41;162,58
Rumunia;2015;31,48;52;45,3;28646,3;1,33;20,75;77,92;41,94;80,07;291,99;358,26;318,9;177,22
Rumunia;2016;33,61;52,65;46,99;29216,9;1,41;21,17;77,42;42,07;76,75;296,25;361,24;318,71;185,76
Rumunia;2017;30,37;52,83;48,39;30058,63;1,37;21,33;77,3;42,63;78,81;279,4;359,52;316,01;203,07
Rumunia;2018;31,63;52,66;48,89;31226,45;1,35;21,09;77,57;43;70,23;274,66;356,32;321,17;202,97
Slowacja;2000;31,2;51,24;47,62;22647,37;9,69;28,32;61,99;38,03;46,82;128,28;141,4;101,59;16,38
Slowacja;2001;31,21;50,94;47,87;23339,05;9,7;28,94;61,36;38,59;44,46;121,99;140,46;108,47;16,69
Slowacja;2002;31,2;51,67;48,44;24127,3;9,67;28,66;61,67;38,73;44,44;127,08;137,21;114,36;17,03
Slowacja;2003;33,31;50,28;46,75;24826,56;8,32;26,08;65,6;38,84;39,79;126,17;130,72;116,52;17,14
Slowacja;2004;32,94;52,81;49,43;25892,2;9,74;25,39;64,86;39,04;48;129,95;131,37;122,86;22,62
Slowacja;2005;30,76;52,85;49,13;26829,07;9,1;25,38;65,52;39,11;47,01;125,92;137,65;124,16;21,09
Slowacja;2006;27,88;53,26;49,43;28280,39;9,23;23,67;67,1;39,43;45,08;126,49;135,21;128,98;25,21
Slowacja;2007;30,94;53,49;50,37;30085,69;10,22;23;66,79;39,76;42,96;130,86;130,7;126,86;28,66
Slowacja;2008;29,67;53,63;51,04;31092,44;8,39;22,71;68,9;39,83;44,5;127,69;133,96;132,1;28,08
Slowacja;2009;32,24;53,53;50,42;28486,8;9;21,72;69,28;40,3;41,38;127,33;130;135,72;31,91
Slowacja;2010;34,58;53,19;49,45;28743,97;8,52;20,55;70,93;40,29;38,84;132,57;126,92;133,25;33,97
Slowacja;2011;30,85;52,35;48,07;28931,38;7,93;18,34;73,72;40,36;35,39;129,38;127,73;133,13;32,91
Slowacja;2012;33,11;52,32;47,42;28108,66;7,85;18,26;73,89;40,73;31,23;126,22;128,47;135,74;38,44
Slowacja;2013;32,72;51,79;46,14;27781,61;8,19;18,32;73,49;40,93;31,06;122,39;125;136,25;39,46
Slowacja;2014;30,04;52,35;46,82;28522,58;9,62;17,88;72,5;41,45;30,77;113,45;131,29;134,55;45,74
Slowacja;2015;31,29;52,04;46,81;29131,04;7,11;18,24;74,64;41,34;31,87;113,52;130,09;132,81;48,11
Slowacja;2016;35,03;52,07;47,6;30018,45;4,17;19,16;76,67;41,58;30,31;111,23;131,38;134,43;51,01
Slowacja;2017;32,76;53,75;49,73;31448,85;4,82;19,06;76,12;41,82;32,51;113;132,94;136,32;58,4
Slowacja;2018;32,1;53,35;50;32728,4;4,75;18,84;76,41;42,27;31,66;103,16;134,51;135,94;65,07
Slowenia;2000;29,59;40,58;32,32;30030,55;4,77;14,44;80,79;35,28;1129,02;2395,43;1924,78;1160,5;462,66
Slowenia;2001;31,6;39,46;33,52;30995,76;4,5;14,37;81,14;35,66;1038,56;2346,07;1914,88;1180,67;484,1
Slowenia;2002;29,12;41,91;35,18;31395,62;3,98;14,31;81,71;35,91;1056,18;2560,15;2077,43;1324,19;527,03
Slowenia;2003;33,24;43,37;36,56;31752,36;3,9;13,31;82,79;36,17;1050,93;2699,64;2213,89;1407,87;565,09
Slowenia;2004;33,41;44,72;37,99;32183,78;3,66;12,78;83,56;36,57;1042,86;2792,22;2326,55;1520,35;626,12
Slowenia;2005;34,19;46,1;40,57;32800,32;3,52;12,42;84,06;36,9;1102,91;2864,97;2418,67;1640,28;700,32
Slowenia;2006;33,1;47,45;42,06;33573,69;3,27;11,63;85,1;37,16;1107,54;2951,16;2550,3;1771,56;744,03
Slowenia;2007;31,85;48,35;43,18;34145,96;2,94;11,6;85,45;37,58;1085,88;3009,89;2671,58;1915,75;804,63
Slowenia;2008;34,83;49,67;43,29;33903,67;2,57;11,21;86,22;37,86;1088,51;3082,84;2805,98;2044,36;860,29
Slowenia;2009;35,54;50,78;41,57;32340,08;2,44;10,06;87,5;38,36;1015,62;3069,13;2953,03;2185,32;943,38
Slowenia;2010;34,8;51,54;41,12;32244;2,44;9,53;88,03;38,7;952,54;3030,2;3025,99;2341,08;989,78
Slowenia;2011;38,39;52,13;40,76;31867,97;2,38;8,89;88,73;39,26;911,29;2939,54;3123,25;2440,99;1092,62
Slowenia;2012;38,96;52,65;39,47;30904,79;2,41;9,04;88,55;39,83;853,58;2834,23;3214,24;2560,83;1170,56
Slowenia;2013;37,03;52,62;38,58;30561,16;2,23;8,47;89,3;40,29;797,91;2719,89;3238,36;2623,2;1226,89
Slowenia;2014;37,55;52,38;39,06;31076,86;2,24;8,43;89,33;40,78;744,65;2587,65;3243,51;2666;1295,23
Slowenia;2015;37,36;52,31;39,99;32293,76;2,1;8,67;89,23;41,37;722,74;2456,13;3237,26;2723,36;1395,86
Slowenia;2016;40,84;52,3;41,12;33244,95;2,14;8,43;89,44;41,93;681,19;2334,86;3247,99;2770,9;1501,33
Slowenia;2017;41,18;51,86;41,99;34125,81;2,27;8,85;88,89;42,31;691,83;2254;3199,36;2806,83;1542,43
Slowenia;2018;38,55;51,65;42,54;34830,54;2,22;8,69;89,09;42,79;687,44;2207,52;3140,71;2866,63;1615,6
Szwecja;2000;30,54;58,35;55,43;36820,84;1,44;11,46;87,1;41,17;202,37;487,54;514,61;531,58;319,53
Szwecja;2001;30,53;58,48;55,91;37261,17;1,22;11,16;87,62;41,22;264,09;486,2;526,35;519,28;346,95
Szwecja;2002;30,71;58,59;55,88;37955,72;1,23;10,33;88,44;41,45;256,6;483,64;532,97;513,76;372,48
Szwecja;2003;30,32;58,72;55,78;38663,54;1,1;9,9;89,01;41,63;261,92;476,44;534,97;512,75;390,52
Szwecja;2004;30,27;58,4;54,79;40177,85;1,05;9,67;89,28;41,83;254,38;469,09;541,7;504,17;406,1
Szwecja;2005;31,86;58,82;54,48;41176,35;1,05;9,31;89,64;41,66;276;472,47;545,77;497,86;410,45
Szwecja;2006;32,11;59,22;54,92;42829,89;0,99;9,27;89,74;41,6;289,54;476,55;550,25;498,33;420,69
Szwecja;2007;31,59;59,68;55,82;43972,05;0,95;9,11;89,94;41,53;303,15;476,96;561,76;504,14;422,26
Szwecja;2008;32,08;59,79;55,86;43525,11;0,86;8,26;90,88;41,5;313,05;477,36;570,43;507,82;420,2
Szwecja;2009;32,49;59,34;54,58;41327,63;0,98;7,69;91,34;41,77;307,11;471,82;569,88;514,89;422,05
Szwecja;2010;31,35;58,94;53,92;43512,86;0,96;7,63;91,41;41,79;311,89;470,27;564,57;522,93;419,17
Szwecja;2011;34,46;59,44;54,83;44503,67;0,9;7,58;91,52;41,79;320,73;482,03;561,27;537;424,78
Szwecja;2012;35,5;59,7;55,09;43896,93;1;7,74;91,26;41,86;322,31;486,53;558,65;550,66;424,23
Szwecja;2013;35,44;60,18;55,43;44000,04;0,98;7,76;91,27;41,75;328,67;499,3;560,76;559,83;422,31
Szwecja;2014;37,12;60,37;55,73;44762,49;0,91;7,2;91,89;41,75;328,65;516,99;557,19;561,89;428,51
Szwecja;2015;39,55;60,66;56,24;46249,69;1,02;6,91;92,07;41,76;325,81;531,65;562,03;571,07;429,05
Szwecja;2016;39,31;60,7;56,7;46774,3;1;6,95;92,04;41,89;313,77;547,97;561,55;581,5;437,05
Szwecja;2017;38,92;60,97;57,04;47261,3;1,02;7,11;91,87;41,97;309,56;571,07;561,92;593,33;445,46
Szwecja;2018;38,57;61,08;57,35;47717,66;1;6,99;92,01;42,01;307,63;588,7;565,83;603,1;453,81
Wegry;2000;33,53;50,11;47,97;40644,71;2,18;15,3;82,52;33,16;147,2;217,9;172,04;120,14;44,65
Wegry;2001;35,36;50,26;48,48;42114,23;1,89;14,7;83,41;33,79;140,52;222,72;181,2;128,12;48,94
Wegry;2002;35,74;51,29;49,37;43861,91;1,72;13,46;84,82;34,04;140,73;238,61;185,79;137,52;54,68
Wegry;2003;34,16;51,73;49,66;44456,42;1,81;13,05;85,14;34,27;144,47;238,1;191,29;139,8;61,87
Wegry;2004;33,66;51,93;49,94;46584,94;1,44;13,22;85,34;34,57;141,02;246,01;192,7;149,16;65,08
Wegry;2005;34,76;54,5;52,31;48179,13;1,3;11,89;86,82;34,55;157,7;262,9;198,84;159,69;75,23
Wegry;2006;36,63;55,3;52,97;49275,7;1,33;11,38;87,3;34,75;158,51;280,27;206,27;167,55;80,57
Wegry;2007;35,36;56,78;53,98;50420,36;1,54;10,56;87,89;35,08;211,19;296,56;221,41;179,78;85,5
Wegry;2008;36,5;56,63;53,41;47189,41;1,66;9,76;88,58;35,58;204,57;303,28;229,74;184,41;91,67
Wegry;2009;36,18;56,1;50,77;44339,92;1,72;9,22;89,06;36,16;184,5;304,3;234;189,84;96,74
Wegry;2010;36,48;55,53;49,2;44897,16;1,89;8,63;89,48;36,82;156,7;301,91;236,26;196,94;103,61
Wegry;2011;40,43;55,18;48,29;44855,32;1,65;8,63;89,72;37,3;140,97;300,72;243,01;198,5;107,8
Wegry;2012;38,93;54,95;47,95;44766,47;1,63;8,73;89,65;37,69;136,29;294,91;251,22;199,96;109,46
Wegry;2013;40,81;55,43;48,55;45133,27;1,69;8,73;89,58;38,2;133,61;288,51;261,41;205,85;114,74
Wegry;2014;39,82;55;49,02;48638,34;1,73;8,41;89,86;38,64;127,72;280,87;272,33;207;117,8
Wegry;2015;40,53;54,76;49,89;60304,49;1,59;8,48;89,93;39,26;125,09;273,82;275,23;216,5;123,39
Wegry;2016;39,36;55,36;51,16;61820,57;1,55;8,96;89,5;39,4;136,76;268,66;285,22;217,52;130,85
Wegry;2017;39,36;55,36;51,87;66132,14;1,55;8,72;89,73;39,93;131,19;260;298,71;226,46;138,94
Wegry;2018;38,57;55,1;52,08;70855,33;1,52;8,43;90,05;40,39;133,71;255,33;305,57;235,11;145,37
Wlochy;2000;14,32;48,87;42,33;11216,57;13,08;18,64;68,29;40,39;53,12;127,08;156,97;131,51;46,33
Wlochy;2001;18,75;49,82;43,61;12080,37;12,37;18,06;69,57;40,87;51,42;126,66;154,88;134,79;51,9
Wlochy;2002;20,18;51,05;44,54;13091,22;12,09;15,55;72,37;41,13;56,45;126;150,15;134,69;61,4
Wlochy;2003;20,84;50,55;44,48;14333,5;10,1;18,42;71,48;41,27;54,64;123,14;149,8;135,5;61,15
Wlochy;2004;33,3;50,43;44,24;15699,51;9,88;17,54;72,57;41,92;52,05;120,54;142,87;132,01;67,91
Wlochy;2005;32,5;50,44;45,41;17575,06;8;17,23;74,78;42,11;54,24;115,98;138,45;135,71;70
Wlochy;2006;33,01;52,01;48,51;19845,6;8,44;16,35;75,21;42,34;57,35;115,55;137,65;136,5;74,64
Wlochy;2007;33,7;52,92;49,97;22011,23;7,78;15,49;76,73;42,62;59,6;113,2;133,65;141,52;78,5
Wlochy;2008;33,39;54,83;50,95;21499,42;5,76;17,41;76,83;42,68;59,72;117,83;137,12;143,35;82,72
Wlochy;2009;33,78;54,37;46,69;18745,25;6,18;15,26;78,56;42,73;55,93;117,1;134,03;144,32;82,73
Wlochy;2010;32,85;53,85;45,08;18283,29;5,73;13,59;80,68;42,31;53,96;118,09;130,23;142,04;78,17
Wlochy;2011;25,08;53,02;45,71;19789,48;5,34;13,93;80,72;42,91;45,33;114,3;124,21;139,17;81,56
Wlochy;2012;26,03;54,22;46,66;20864,82;4,85;14,02;81,13;43,12;44,31;113,6;124,58;136,27;87,97
Wlochy;2013;27,01;53,92;47,92;21580,45;4,9;13,52;81,57;43,37;41,21;112,25;120,49;132,33;88,45
Wlochy;2014;26,58;53,45;48,19;22201,86;4,47;12,85;82,68;43,7;36,65;108,74;115,52;128,49;90,68
Wlochy;2015;26,57;54,26;49,57;23114,21;5,04;12,73;82,22;43,67;36,41;110,78;114,3;123,63;93,78
Wlochy;2016;27,67;55,28;50,64;23740,18;5,06;13,34;81,61;43,96;33,22;112;113,59;121,43;98,17
Wlochy;2017;27,49;55,57;51,3;24858,62;4,21;12,86;82,94;44,34;32,07;109,67;109,82;120,13;99,53
Wlochy;2018;26,99;55,41;51,64;26219,31;4,13;12,68;83,19;44,99;29,4;107,02;108,83;120,75;103,97
